<?xml version="1.0"?>
<!--
/**
 * Copyright © 2018 CyberSource. All rights reserved.
 * See LICENSE.txt for license details.
 */
-->
<config xmlns:xsi="http://www.w3.org/2001/XMLSchema-instance" xsi:noNamespaceSchemaLocation="urn:magento:framework:Module/etc/module.xsd">
    <module name="CyberSource_SecureAcceptance" setup_version="3.6.6">
        <sequence>
            <module name="Magento_Sales"/>
            <module name="Magento_Payment"/>
            <module name="Magento_Checkout"/>
            <module name="Magento_Vault"/>
            <module name="Magento_Multishipping"/>
        </sequence>
    </module>
</config>
