{
    "cybersource_payment_token": {
        "column": {
            "token_id": true,
            "created_date": true,
            "customer_id": true,
            "order_id": true,
            "quote_id": true,
            "payment_token": true,
            "customer_email": true,
            "store_id": true,
            "card_default": true,
            "card_expire": true,
            "card_type": true,
            "cc_last4": true,
            "payment_type": true,
            "updated_date": true,
            "card_expiry_date": true,
            "address_id": true,
            "reference_number": true,
            "authorize_only": true,
            "transaction_id": true,
            "cc_number": true,
            "payment_method": true
        },
        "constraint": {
            "PRIMARY": true
        }
    },
    "cybersource_webhook": {
        "column": {
            "entity_id": true,
            "product_id": true,
            "organization_id": true,
            "webhook_id": true,
            "digital_signature_key_id": true,
            "digital_signature_key": true,
            "created_at": true
        },
        "constraint": {
            "PRIMARY": true
        }
    }
}