<?xml version="1.0"?>
<!--
/**
 * Copyright © 2018 CyberSource. All rights reserved.
 * See LICENSE.txt for license details.
 */
-->
<config xmlns:xsi="http://www.w3.org/2001/XMLSchema-instance" xsi:noNamespaceSchemaLocation="urn:magento:framework:App/etc/routes.xsd">
    <router id="standard">
        <route id="cybersource" frontName="cybersource">
            <module name="CyberSource_SecureAcceptance" />
        </route>
        <route id="multishipping" frontName="multishipping">
            <module name="Magento_Multishipping" before="CyberSource_SecureAcceptance" />
        </route>
    </router>
</config>